StoreCode,StoreName,Region,ASM
CHOA3,454 Cộng Hòa,HCM,Dũng
CMT8,Cách Mạng Tháng 8,HCM,Dũng
LBBICH,Lũy Bán Bích,HCM,Dũng
TCHINH,Trường Chinh,HCM,Dũng
HAUGIANG,Hậu Giang - Q6,HCM,Hương
KINHDV,Kinh Dương Vương,HCM,Hương
CREMALL,Crescent Mall Q7,HCM,Khôi
DBTRAC,Dương Bá Trạc,HCM,Khôi
KHANHHOI,Khánh Hội,HCM,Khôi
LOTTEQ7,Lotte Mart Q7,HCM,Khôi
NTT,Nguyễn Thị Thập,HCM,Khôi
PMHNDC,Phú Mỹ Hưng 1 - Nguyễn Đức Cảnh,HCM,Khôi
PMHNLB,Phú Mỹ Hưng 2 - Nguyễn Lương Bằng,HCM,Khôi
PMHNVL,Phú Mỹ Hưng 3 - Nguyễn Văn Linh,HCM,Khôi
126_3T2,126 Đường 3T2,HCM,Linh
185_3T2,185 Đường 3T2,HCM,Linh
901QT,901 Quang Trung,HCM,Linh
AEONTP,AEON Tân Phú,HCM,Linh
CAOTH,Cao Thắng,HCM,Linh
GOVAP,Gò Vấp,HCM,Linh
HBT,Hai Bà Trưng,HCM,Linh
LETRONGTAN,Lê Trọng Tấn,HCM,Linh
LOTTEGV,Lotte Mart Gò Vấp,HCM,Linh
LQDINH,Nguyên Hồng,HCM,Linh
LVS,Lê Văn Sỹ,HCM,Linh
NDC,Nguyễn Đình Chiểu,HCM,Linh
NGUYENOANH,Nguyễn Oanh,HCM,Linh
NTMK,Nguyễn Thị Minh Khai,HCM,Linh
NVTROI,Nguyễn Văn Trỗi,HCM,Linh
PDP,Phan Đình Phùng,HCM,Linh
SO1,Số 1,HCM,Linh
HVPLAZA,Hùng Vương Plaza,HCM,Lâm
SENSECITY,Sense City,HCM,Lâm
VANHANH,Vạn Hạnh Mall,HCM,Lâm
VINCOMLVV,Vincom Lê Văn Việt,HCM,Lâm
VINCOMQ2,Vincom Thảo Điền,HCM,Lâm
VINCOMTD,Vincom Grand Park,HCM,Lâm
AEONBT,AEON Bình Tân,HCM,Tiên
AUCO,Âu Cơ,HCM,Tiên
CHOA,Cộng Hòa (Số 8),HCM,Tiên
CUCHI,Củ Chi,HCM,Tiên
DIAMOND,Diamond Plaza,HCM,Tiên
LVKHUONG,Lê Văn Khương - Q12,HCM,Tiên
LYTT,Lý Tự Trọng,HCM,Tiên
NGA6,03 Nguyễn Trãi,HCM,Tiên
NGANHTHU,Nguyễn Ảnh Thủ,HCM,Tiên
NGHUE,Nguyễn Huệ,HCM,Tiên
NTQ1,74 Nguyễn Trãi,HCM,Tiên
OIKHIEM,Ông Ích Khiêm,HCM,Tiên
PDL,Phan Đăng Lưu,HCM,Tiên
PDL2,Phan Đăng Lưu 2,HCM,Tiên
PTER,Pasteur,HCM,Tiên
TAKA,Takashimaya,HCM,Tiên
TCHINH2,Trường Chinh 2 - Q12,HCM,Tiên
VINCOM,Vincom Q.1,HCM,Tiên
THUDUC,Thủ Đức,HCM,Tín
THUDUC2,Thủ Đức 2,HCM,Tín
BAOLOC,Bảo Lộc,Miền Trung- Tây Nguyên,Dũng
DAKLAK,Daklak,Miền Trung- Tây Nguyên,Dũng
DAKLAK2,Daklak - Nguyễn Tất Thành,Miền Trung- Tây Nguyên,Dũng
DAKLAK5,Buôn Hồ,Miền Trung- Tây Nguyên,Dũng
DAKNONG,ĐẮK NÔNG (Tôn Đức Thắng),Miền Trung- Tây Nguyên,Dũng
DALAT,Đà Lạt,Miền Trung- Tây Nguyên,Dũng
DALAT2,Đà Lạt 2,Miền Trung- Tây Nguyên,Dũng
GIALAI,Gia Lai,Miền Trung- Tây Nguyên,Dũng
KONTUM,Kon Tum (Trần Hưng Đạo),Miền Trung- Tây Nguyên,Dũng
PTHIET,Phan Thiết,Miền Trung- Tây Nguyên,Dũng
QBINH,Quảng Bình,Miền Trung- Tây Nguyên,Dũng
FLDLTTON,FLD Lý Thánh Tôn - Nha Trang,Miền Trung- Tây Nguyên,Nhi
BIGCHUE,Aeon Huế,Miền Trung- Tây Nguyên,Quân
CAMRANH,Cam Ranh,Miền Trung- Tây Nguyên,Quân
DN,Đà Nẵng (Hoàng Diệu),Miền Trung- Tây Nguyên,Quân
DN2,Đà Nẵng 2 (Lê Duẩn),Miền Trung- Tây Nguyên,Quân
DN3,Đà Nẳng 3 - Nguyễn Văn Linh,Miền Trung- Tây Nguyên,Quân
DN4,Vincom Đà Nẵng,Miền Trung- Tây Nguyên,Quân
DN5DBP,Đà Nẵng 5 (Điện Biên Phủ ),Miền Trung- Tây Nguyên,Quân
HUE2,Huế 2 (Hùng Vương),Miền Trung- Tây Nguyên,Quân
NHT2,Nha Trang 2 - Lý Tự Trọng,Miền Trung- Tây Nguyên,Quân
NHT3,Nha Trang 1 - Thái Nguyên,Miền Trung- Tây Nguyên,Quân
PHANRANG2,Phan Rang 2,Miền Trung- Tây Nguyên,Quân
PHUYEN,Phú Yên,Miền Trung- Tây Nguyên,Quân
QNGAI,Quảng Ngãi,Miền Trung- Tây Nguyên,Quân
QUANGTRI,QUẢNG TRỊ,Miền Trung- Tây Nguyên,Quân
QUINHON2,Quy Nhơn - Phan Bội Châu,Miền Trung- Tây Nguyên,Quân
QUYNHON,Quy Nhơn - Trần Hưng Đạo,Miền Trung- Tây Nguyên,Quân
QUYNHON3,Quy Nhơn 2 - Lý Thường Kiệt,Miền Trung- Tây Nguyên,Quân
TAMKY,Tam Kỳ,Miền Trung- Tây Nguyên,Quân
BACLIEU,Bạc Liêu,Miền Tây,Hương
BACLIEU2,Bạc Liêu 2 - Trần Huỳnh,Miền Tây,Hương
BENTRE,Bến Tre,Miền Tây,Hương
CANTHO3T2,Cần Thơ 3T2,Miền Tây,Hương
CMAU,Cà Mau,Miền Tây,Hương
CMAU2,Cà Mau 2 - Nguyễn Tất Thành,Miền Tây,Hương
CTHO,Cần Thơ (NT),Miền Tây,Hương
CTHO2,Cần Thơ (LTT) - Mậu Thân,Miền Tây,Hương
CTHO3,Cần Thơ (HB),Miền Tây,Hương
CTHO6,Cần Thơ (Nguyễn Văn Cừ),Miền Tây,Hương
STR,Sóc Trăng,Miền Tây,Hương
STR2,Sóc Trăng 2 - Trần Hưng Đạo,Miền Tây,Hương
TRAVINH,Trà Vinh,Miền Tây,Hương
VINHLONG,Vĩnh Long,Miền Tây,Hương
VINHLONG2,Vĩnh Long 2 - Phạm Thái Bường,Miền Tây,Hương
APHAUGIANG,An Phước Vị Thanh,Miền Tây,Nhi
CAOLANH,Cao Lãnh,Miền Tây,Nhi
CAYLAY,Cai Lậy,Miền Tây,Nhi
CHAUDOC,Châu Đốc - An Giang,Miền Tây,Nhi
HATIEN,Hà Tiên,Miền Tây,Nhi
HONGNGU,Hồng Ngự,Miền Tây,Nhi
LONGXUYEN2,Long xuyên 2,Miền Tây,Nhi
LONGXUYEN3,Long Xuyên 3 - (Trần Hưng Đạo),Miền Tây,Nhi
LXUYEN,Long Xuyên 1 - Hai Bà Trưng,Miền Tây,Nhi
MYTHO,Mỹ Tho,Miền Tây,Nhi
MYTHO2,Mỹ Tho 2,Miền Tây,Nhi
RACHGIA3,Rạch Giá 3,Miền Tây,Nhi
RGIA,Rạch Giá,Miền Tây,Nhi
RGIA2,Rạch Giá 2,Miền Tây,Nhi
SADEC,AN PHƯỚC SA ĐÉC,Miền Tây,Nhi
BENLUC,Bến Lức,Miền Tây,Tín
LONGAN,Long An,Miền Tây,Tín
AEONBD,AEON Bình Dương,Miền Đông,Khôi
BARIA,Bà Rịa (Nguyễn Hữu Thọ),Miền Đông,Khôi
BDUONG,Bình Dương,Miền Đông,Khôi
DIANBD,Dĩ An - Bình Dương,Miền Đông,Khôi
DLBD,Đại Lộ Bình Dương,Miền Đông,Khôi
FLDBDUONG,FLD Nguyễn Đình Chiểu BD,Miền Đông,Khôi
VTAU2,Vũng Tàu 2 - Ba Cu,Miền Đông,Khôi
VTAU3004,Vũng Tàu 3 - Đường 30-04,Miền Đông,Khôi
VTAU4,Vũng Tàu 1 - Lê Hồng Phong,Miền Đông,Khôi
BCDN,BigC Đồng Nai,Miền Đông,Tín
BHNAQUOC,Biên Hòa - Nguyễn Ái Quốc,Miền Đông,Tín
BIENHOA,Biên Hoà,Miền Đông,Tín
BINHLONG,Bình Long,Miền Đông,Tín
BPHUOC,Bình Phước,Miền Đông,Tín
LONGKHANH,Long Khánh,Miền Đông,Tín
LONGTHANH,Long Thành,Miền Đông,Tín
TAMHIEP,Tam Hiệp,Miền Đông,Tín
TAYNINH,Tây Ninh,Miền Đông,Tín
VINCOMBH,VinCom Biên Hòa,Miền Đông,Tín
